,S&P500,WML,value_factor
2015-01-02,,-0.11,-0.18
2015-01-05,-1.8278105089703331,1.02,-1.76
2015-01-06,-0.8893471870112801,0.41,-0.82
2015-01-07,1.1629842642575134,1.07,1.39
2015-01-08,1.7888281045797663,0.31,1.93
2015-01-09,-0.8403811040573337,0.28,-0.77
2015-01-12,-0.8093685243358693,0.77,-0.79
2015-01-13,-0.2578555497921679,0.46,-0.12
2015-01-14,-0.581306694978381,0.06,-0.58
2015-01-15,-0.9247876125553615,0.24,-0.9
2015-01-16,1.3424199395451943,-0.39,1.23
2015-01-20,0.15499524278267265,0.64,0.38
2015-01-21,0.47316238254433785,-0.6,0.29
2015-01-22,1.5269721805970466,0.7,1.45
2015-01-23,-0.5491522447795516,0.38,-0.46
2015-01-26,0.2568461085935695,-0.48,0.13
2015-01-27,-1.3387862379316458,-0.76,-1.66
2015-01-28,-1.3495609538427278,1.34,-0.82
2015-01-29,0.9534685377702431,0.8,1.28
2015-01-30,-1.2991965367965463,-1.99,-1.24
2015-02-02,1.2962464037225767,-1.16,1.39
2015-02-03,1.4439494938539572,-1.52,1.4
2015-02-04,-0.41560459502907215,1.01,-0.37
2015-02-05,1.0291406800400522,-0.7,0.99
2015-02-06,-0.3418172396697485,-0.61,-0.31
2015-02-09,-0.42471946188311305,-0.9,-0.4
2015-02-10,1.0675561188404843,1.54,1.1
2015-02-11,-0.002903378506370865,0.34,0.2
2015-02-12,0.9644506350069552,-0.45,0.79
2015-02-13,0.4074738604868008,-1.17,0.45
2015-02-17,0.1597574626476824,-0.02,0.18
2015-02-18,-0.0314309098689124,0.98,0.13
2015-02-19,-0.10620575860225694,-0.2,-0.02
2015-02-20,0.6126533791127342,0.58,0.63
2015-02-23,-0.030333932859604833,0.91,0.14
2015-02-24,0.2758770722662332,-0.3,0.17
2015-02-25,-0.07657236255197734,-0.94,-0.2
2015-02-26,-0.14760281390749272,0.57,-0.12
2015-02-27,-0.29563044380468834,-0.29,-0.32
2015-03-02,0.6124919458303649,0.57,0.56
2015-03-03,-0.45385424912859995,-0.29,-0.43
2015-03-04,-0.438850348363368,0.19,-0.47
2015-03-05,0.11960800966932296,0.15,-0.02
2015-03-06,-1.417394644900435,-0.18,-1.37
2015-03-09,0.394442125110118,0.71,0.33
2015-03-10,-1.6961330342146874,0.46,-1.72
2015-03-11,-0.19176796017919745,-0.23,-0.34
2015-03-12,1.2601439598289734,0.6,1.13
2015-03-13,-0.6074711051894183,0.56,-0.54
2015-03-16,1.3533671143615345,0.69,1.24
2015-03-17,-0.33201736486771133,0.3,-0.16
2015-03-18,1.2158421547431284,-0.81,1.14
2015-03-19,-0.4872579185520394,1.36,-0.39
2015-03-20,0.901275460794673,-0.74,0.92
2015-03-23,-0.17457311460168848,-0.63,-0.24
2015-03-24,-0.6139422015983007,-0.09,-0.45
2015-03-25,-1.455890557016498,-1.6,-1.59
2015-03-26,-0.23775002467200318,0.05,-0.08
2015-03-27,0.23685617450666885,1.28,0.2
2015-03-30,1.223664484345965,0.39,1.09
2015-03-31,-0.8795774737306231,-0.38,-0.79
2015-04-01,-0.39653716707826375,-0.43,-0.35
2015-04-02,0.35296671869311863,-0.4,0.39
2015-04-06,0.6608815002585515,-1.0,0.84
2015-04-07,-0.20619040280097575,-0.19,-0.24
2015-04-08,0.26825330225747246,1.29,0.42
2015-04-09,0.44574813568533883,-0.5,0.39
2015-04-10,0.5202865058863764,0.05,0.4
2015-04-13,-0.4581280615065387,0.24,-0.51
2015-04-14,0.16297587545693334,-1.08,0.04
2015-04-15,0.5148195733910251,-1.41,0.61
2015-04-16,-0.07784438136158228,0.32,-0.18
2015-04-17,-1.1311245237798033,-0.15,-1.21
2015-04-20,0.9235131333180711,0.37,1.17
2015-04-21,-0.14806051919155594,1.1,-0.03
2015-04-22,0.508748041595979,-0.23,0.55
2015-04-23,0.235771603443657,-0.25,0.35
2015-04-24,0.22528002125912816,0.24,0.67
2015-04-27,-0.4141313999847746,-1.43,-0.3
2015-04-28,0.27692317470553646,-0.86,0.15
2015-04-29,-0.3740335528663641,-1.14,-0.53
2015-04-30,-1.0128906665100539,-1.1,-1.08
2015-05-01,1.0923001515586115,0.96,1.25
2015-05-04,0.29407486092097673,0.17,0.1
2015-05-05,-1.183738353852411,-0.46,-1.31
2015-05-06,-0.4455725007309633,0.56,-0.43
2015-05-07,0.3773813604708133,1.0,0.37
2015-05-08,1.3457901340996115,0.05,1.23
2015-05-11,-0.5089560749124795,0.42,-0.41
2015-05-12,-0.29496377147182745,-0.25,-0.3
2015-05-13,-0.03049549164986267,-0.2,-0.04
2015-05-14,1.0779287015166006,0.84,1.08
2015-05-15,0.07684135234999079,-0.14,0.11
2015-05-18,0.30479481898116817,0.81,0.29
2015-05-19,-0.06433745216632769,0.83,-0.32
2015-05-20,-0.09305160315531871,-0.16,-0.03
2015-05-21,0.23378741542857848,-0.45,0.4
2015-05-22,-0.22338859444231973,0.41,-0.22
2015-05-26,-1.0281980467796303,0.4,-1.03
2015-05-27,0.9162641122027101,0.82,0.96
2015-05-28,-0.1266760706639716,0.13,-0.25
2015-05-29,-0.6318468944864726,0.14,-0.63
2015-06-01,0.20594608593389696,0.37,0.2
2015-06-02,-0.10085958054164575,-0.87,-0.08
2015-06-03,0.21188707775648308,0.47,0.3
2015-06-04,-0.8623167356627116,0.12,-0.84
2015-06-05,-0.14361830452781976,0.08,-0.35
2015-06-08,-0.6474509871794735,0.0,-0.63
2015-06-09,0.04183529817378426,-0.25,0.08
2015-06-10,1.2042424911740781,-0.16,1.13
2015-06-11,0.17386262992554644,0.39,0.26
2015-06-12,-0.6994299883164322,0.04,-0.7
2015-06-15,-0.46225721215145077,0.3,-0.51
2015-06-16,0.5689856405305146,0.25,0.55
2015-06-17,0.1979641138770927,0.03,0.31
2015-06-18,0.9902710662651575,0.78,0.93
2015-06-19,-0.5303501750407789,0.52,-0.53
2015-06-22,0.6094866829202281,0.25,0.51
2015-06-23,0.06358682609157863,-0.25,0.01
2015-06-24,-0.7353296940171192,-0.16,-0.6
2015-06-25,-0.29735740489150386,0.71,-0.21
2015-06-26,-0.039007994871601184,-0.05,-0.15
2015-06-29,-2.0866193609611248,0.01,-2.07
2015-06-30,0.26584894755439803,0.79,0.25
2015-07-01,0.6936040374892154,0.95,0.7
2015-07-02,-0.03080229438562345,-0.36,0.0
2015-07-06,-0.3861756607829961,1.1,-0.29
2015-07-07,0.6080975047463315,-0.25,0.67
2015-07-08,-1.6652748966799316,0.26,-1.77
2015-07-09,0.2262202629546896,0.19,-0.02
2015-07-10,1.2338484808259054,0.96,1.34
2015-07-13,1.1066049496427706,0.33,1.23
2015-07-14,0.44531589653222464,0.11,0.35
2015-07-15,-0.0734986147615764,1.11,-0.11
2015-07-16,0.8014680547327778,0.69,0.67
2015-07-17,0.11061832220925132,0.45,-0.05
2015-07-20,0.07712335338947693,1.37,0.28
2015-07-21,-0.42616891933443934,-0.24,-0.57
2015-07-22,-0.23877100868345294,0.91,-0.46
2015-07-23,-0.5676040279191139,0.11,-0.51
2015-07-24,-1.0703328044585851,0.44,-0.95
2015-07-27,-0.5775014817854703,0.29,-0.7
2015-07-28,1.2386154420169126,-0.6,1.34
2015-07-29,0.7318795174967152,-1.1,0.63
2015-07-30,0.0028367565729675672,0.45,0.14
2015-07-31,-0.22715200228430446,0.73,-0.02
2015-08-03,-0.2756886815249213,0.62,-0.33
2015-08-04,-0.22497049209078446,0.37,-0.21
2015-08-05,0.31146789732108615,0.8,0.55
2015-08-06,-0.7752985140647536,-2.01,-0.96
2015-08-07,-0.28748828113334063,0.78,-0.38
2015-08-10,1.28081668146174,-1.65,1.39
2015-08-11,-0.9557102838104634,-0.07,-1.12
2015-08-12,0.09500549095741595,-0.88,0.19
2015-08-13,-0.1275211973593408,1.34,-0.04
2015-08-14,0.39119638755010266,0.22,0.31
2015-08-17,0.5211424020938913,0.74,0.57
2015-08-18,-0.2625529934222291,-0.03,-0.26
2015-08-19,-0.8254876506438222,0.91,-0.82
2015-08-20,-2.1100170100298468,-0.77,-2.1
2015-08-21,-3.185096532301407,-0.14,-3.29
2015-08-24,-3.941369300610107,0.12,-3.65
2015-08-25,-1.3521995197235268,0.7,-0.9
2015-08-26,3.9033859095586347,0.96,3.7
2015-08-27,2.42977484048123,-1.58,2.29
2015-08-28,0.06087363931975206,-1.05,0.14
2015-08-31,-0.8391670165449949,-1.66,-0.79
2015-09-01,-2.957644657326999,0.75,-2.74
2015-09-02,1.8292974600429106,1.28,2.11
2015-09-03,0.11647937858398438,-0.77,0.17
2015-09-04,-1.5329595630917479,0.77,-1.26
2015-09-08,2.508305333455229,0.7,2.53
2015-09-09,-1.3897560450837034,0.27,-1.28
2015-09-10,0.5277955033964158,0.3,0.49
2015-09-11,0.4487043331167642,1.24,0.57
2015-09-14,-0.40896559494183166,0.39,-0.41
2015-09-15,1.2831311668480234,-0.14,1.16
2015-09-16,0.8705414463438973,-1.5,0.79
2015-09-17,-0.2561059609232319,1.01,-0.11
2015-09-18,-1.6164165808483653,0.96,-1.42
2015-09-21,0.4565783909129196,-0.26,0.43
2015-09-22,-1.2318429542511902,0.34,-1.33
2015-09-23,-0.20486426492922577,1.66,-0.32
2015-09-24,-0.3362984570741371,-0.59,-0.41
2015-09-25,-0.046579307159448816,-0.92,-0.07
2015-09-28,-2.5666090316902848,-1.07,-2.68
2015-09-29,0.12328530985949457,-0.62,-0.22
2015-09-30,1.9075555652102023,0.88,1.93
2015-10-01,0.19738842324116898,0.86,0.1
2015-10-02,1.4315289254205485,-0.92,1.34
2015-10-05,1.8289841072045911,-1.79,1.68
2015-10-06,-0.35882362417534436,-2.58,-0.35
2015-10-07,0.803563358440328,-0.44,0.87
2015-10-08,0.8818435632298987,-1.26,0.86
2015-10-09,0.07251113576553483,0.31,0.29
2015-10-12,0.1275477063694751,1.4,0.05
2015-10-13,-0.68254241800043,-0.06,-0.75
2015-10-14,-0.4716274113391021,-0.84,-0.79
2015-10-15,1.4852773562122905,0.86,1.16
2015-10-16,0.4570474276163921,0.9,0.29
2015-10-19,0.02705456193015276,1.16,0.12
2015-10-20,-0.14210900306260651,-1.37,-0.13
2015-10-21,-0.5825415425425594,0.23,-0.59
2015-10-22,1.662757188476459,-0.77,1.77
2015-10-23,1.1030344256396656,0.83,0.96
2015-10-26,-0.19131003481598616,1.49,-0.24
2015-10-27,-0.25541185091011104,1.29,-0.57
2015-10-28,1.1840033238402536,-0.32,1.21
2015-10-29,-0.04497744186006742,-0.47,0.12
2015-10-30,-0.48098771534879675,-0.62,-0.33
2015-11-02,1.1873817294504811,-0.3,0.92
2015-11-03,0.27280672352485635,-0.91,0.19
2015-11-04,-0.35453670089111977,0.64,-0.27
2015-11-05,-0.11321484144598778,0.75,-0.19
2015-11-06,-0.03476215986429172,0.52,-0.08
2015-11-09,-0.9822729364192947,0.17,-0.93
2015-11-10,0.1510595157354351,0.8,-0.19
2015-11-11,-0.3228085954698269,0.95,-0.38
2015-11-12,-1.3990375421686752,0.5,-1.31
2015-11-13,-1.120736488072337,-0.54,-1.33
2015-11-16,1.4903265095486384,-0.63,1.28
2015-11-17,-0.1339379248400477,0.73,0.06
2015-11-18,1.6162451938893374,-0.09,1.72
2015-11-19,-0.11231092218188907,-0.2,0.23
2015-11-20,0.3810195863092179,0.87,0.45
2015-11-23,-0.12348607802712369,0.35,0.04
2015-11-24,0.12219961240418323,-0.83,0.01
2015-11-25,-0.01291325683376043,0.13,0.14
2015-11-27,0.05936175686118925,0.62,0.05
2015-11-30,-0.46409971261862787,-0.75,-0.51
2015-12-01,1.0680573511899096,0.23,0.73
2015-12-02,-1.0995693149291956,0.67,-0.98
2015-12-03,-1.437352686751413,-0.27,-1.35
2015-12-04,2.05256689525358,1.36,1.86
2015-12-07,-0.6989502943734861,1.13,-0.61
2015-12-08,-0.6489901427822256,1.15,-0.49
2015-12-09,-0.7738985127360191,-1.41,-0.82
2015-12-10,0.22513869815966764,-0.35,0.32
2015-12-11,-1.9422767130611769,0.46,-2.08
2015-12-14,0.4755559874067826,0.98,0.36
2015-12-15,1.0618561196917324,-0.31,0.59
2015-12-16,1.4514969343641775,0.08,1.38
2015-12-17,-1.5040520569611564,0.76,-1.65
2015-12-18,-1.7797220091700192,-0.55,-1.6
2015-12-21,0.7778402243204183,0.06,0.76
2015-12-22,0.881673640669842,-0.77,0.87
2015-12-23,1.2418068122691341,-1.45,1.18
2015-12-24,-0.1598636304808495,-0.01,-0.15
2015-12-28,-0.21785598289101996,1.01,-0.28
2015-12-29,1.0629762703622645,0.47,1.1
2015-12-30,-0.7217228597430927,0.32,-0.73
2015-12-31,-0.941191308977841,-0.79,-1.01
2016-01-04,-1.530373098179018,-1.69,-1.53
2016-01-05,0.2012226074739071,0.38,0.1
2016-01-06,-1.3115396617014987,1.27,-1.22
2016-01-07,-2.3700443039098285,0.21,-2.38
2016-01-08,-1.0838374634476389,-0.2,-0.91
2016-01-11,0.08532723085775346,1.24,0.28
2016-01-12,0.7802798638371756,0.94,0.77
2016-01-13,-2.4965452602732516,-0.52,-2.83
2016-01-14,1.6695905641396367,-0.36,1.37
2016-01-15,-2.159909812178409,0.24,-2.02
2016-01-19,0.05318215544080818,0.96,0.0
2016-01-20,-1.169385515275344,0.49,-0.87
2016-01-21,0.519543826464333,-1.84,0.76
2016-01-22,2.028370093089691,-0.41,2.0
2016-01-25,-1.5637981868314241,1.35,-1.29
2016-01-26,1.4144335682203713,-1.72,1.38
2016-01-27,-1.0863483946818713,-0.55,-1.55
2016-01-28,0.5528577110863419,0.05,0.56
2016-01-29,2.4760217481832836,-0.84,2.06
2016-02-01,-0.04432364060282173,0.55,0.26
2016-02-02,-1.8743091042644822,1.2,-1.84
2016-02-03,0.4992038935398218,-2.65,0.67
2016-02-04,0.1526732629409628,-2.15,0.37
2016-02-05,-1.8481246133065947,-0.76,-1.96
2016-02-08,-1.4153935962584503,0.39,-1.24
2016-02-09,-0.06636201005447463,1.56,0.08
2016-02-10,-0.018895050095239695,0.8,-0.14
2016-02-11,-1.2301161634528346,0.42,-1.03
2016-02-12,1.9518049434029339,-1.16,1.85
2016-02-16,1.6516654254666407,-0.91,1.85
2016-02-17,1.6480439087318701,-1.82,1.7
2016-02-18,-0.4665713586089409,0.08,-0.45
2016-02-19,-0.0026033069221595667,1.1,-0.09
2016-02-22,1.4454197343192787,-1.12,1.41
2016-02-23,-1.2454371626831184,1.07,-0.91
2016-02-24,0.443978665736949,-0.08,0.62
2016-02-25,1.134827518081388,0.36,1.06
2016-02-26,-0.18701143063153722,-1.61,-0.22
2016-02-29,-0.8120976670040306,-0.44,-0.64
2016-03-01,2.3868792264573044,-0.56,2.3
2016-03-02,0.40943084379726846,-1.33,0.03
2016-03-03,0.3498740552965357,-1.62,0.38
2016-03-04,0.3305892405266673,-0.9,0.4
2016-03-07,0.08850144294974127,-1.5,0.16
2016-03-08,-1.1240108648189049,2.86,-0.97
2016-03-09,0.5052393293188396,-0.2,0.39
2016-03-10,0.015580467030042977,0.38,-0.01
2016-03-11,1.6395500477669567,-1.72,1.52
2016-03-14,-0.12609725467921024,0.1,-0.04
2016-03-15,-0.1836941718546818,1.41,-0.2
2016-03-16,0.5600351548705103,-0.78,0.79
2016-03-17,0.6595236427847926,-1.02,0.62
2016-03-18,0.4405643539266504,-0.7,0.3
2016-03-21,0.09855774954502321,-0.13,0.2
2016-03-22,-0.08773878504659463,0.1,-0.08
2016-03-23,-0.6386031655324604,2.15,-0.7
2016-03-24,-0.037807052292406954,-0.03,0.03
2016-03-28,0.05452557698998718,0.43,0.07
2016-03-29,0.8816651809226127,0.19,1.08
2016-03-30,0.4350315062455628,-0.19,0.59
2016-03-31,-0.20397592480187135,-0.55,-0.19
2016-04-01,0.6330915097686663,0.89,0.57
2016-04-04,-0.32083221118300365,0.23,-0.32
2016-04-05,-1.014449245057428,0.1,-0.66
2016-04-06,1.0507619189438844,-0.88,1.0
2016-04-07,-1.1975786560861146,0.67,-1.19
2016-04-08,0.27865782063149414,-0.63,0.33
2016-04-11,-0.2739786123146736,-0.26,-0.31
2016-04-12,0.9662134044055809,-1.24,0.96
2016-04-13,1.0040137017230288,-1.29,0.88
2016-04-14,0.017292717774910475,-0.08,-0.1
2016-04-15,-0.09842849323767663,0.72,-0.05
2016-04-18,0.6541025568343979,-0.07,0.4
2016-04-19,0.308448519751584,-0.92,-0.04
2016-04-20,0.07615446318947447,-1.14,0.05
2016-04-21,-0.5194027068595269,-0.75,-0.61
2016-04-22,0.0047859889148873895,-1.18,0.11
2016-04-25,-0.1812045849864888,1.2,-0.16
2016-04-26,0.1872751534858758,-0.7,0.16
2016-04-27,0.16493527182762052,0.0,-0.18
2016-04-28,-0.9230768157227636,0.51,-1.06
2016-04-29,-0.5063088481738572,0.87,-0.47
2016-05-02,0.7809946553678732,0.98,0.86
2016-05-03,-0.8676638460102445,1.33,-0.79
2016-05-04,-0.5936889314753994,1.22,-0.71
2016-05-05,-0.023900794299546255,0.28,-0.19
2016-05-06,0.31746391945076424,0.57,0.45
2016-05-09,0.07534966412709886,0.9,0.22
2016-05-10,1.2483643839788858,-0.62,1.19
2016-05-11,-0.9561518249023676,0.42,-1.09
2016-05-12,-0.01694651417848691,1.13,-0.11
2016-05-13,-0.8478288992748932,0.37,-0.87
2016-05-16,0.9796652584981903,-0.76,1.06
2016-05-17,-0.9411297372666149,-1.39,-0.94
2016-05-18,0.020517875938566795,-0.28,-0.38
2016-05-19,-0.37067077457677733,0.37,-0.17
2016-05-20,0.6019503914256269,-0.85,0.59
2016-05-23,-0.20854588262009888,-0.32,-0.05
2016-05-24,1.3681382915580749,-0.22,1.33
2016-05-25,0.6974740416216479,-1.36,0.69
2016-05-26,-0.021044370918173544,0.53,0.16
2016-05-27,0.42868573656226977,-0.45,0.35
2016-05-31,-0.10052632800821898,-0.35,-0.07
2016-06-01,0.11350423498972209,0.07,0.1
2016-06-02,0.2824678244809108,-0.41,0.38
2016-06-03,-0.2911814678891068,1.11,-0.08
2016-06-06,0.4897281051188994,-1.21,0.43
2016-06-07,0.12894463918682542,-0.08,0.24
2016-06-08,0.3309566355868269,0.58,0.23
2016-06-09,-0.17177586918261142,1.18,-0.14
2016-06-10,-0.9175181133125201,1.42,-0.88
2016-06-13,-0.8115191023280278,0.35,-0.95
2016-06-14,-0.17988855029992756,0.74,-0.15
2016-06-15,-0.1840712697237789,-0.24,-0.13
2016-06-16,0.31329905865315155,0.44,0.31
2016-06-17,-0.3257965164692659,-0.69,-0.32
2016-06-20,0.5808185112367291,-0.24,0.7
2016-06-21,0.27120614424577516,0.34,0.13
2016-06-22,-0.16515635798043402,0.04,-0.16
2016-06-23,1.3364078570495475,-0.9,1.17
2016-06-24,-3.591979991551379,2.2,-3.3
2016-06-27,-1.809650212020111,2.38,-1.78
2016-06-28,1.7770165208875395,-0.95,1.6
2016-06-29,1.7032672710494527,-0.99,1.63
2016-06-30,1.3565044272758036,0.5,1.28
2016-07-01,0.19486024753912218,-0.63,0.38
2016-07-05,-0.6847477275031026,1.71,-0.6
2016-07-06,0.5352962934909359,-0.09,0.64
2016-07-07,-0.08715777825870533,-0.86,0.18
2016-07-08,1.5253349299217422,-0.67,1.47
2016-07-11,0.34086155847900335,-0.28,0.42
2016-07-12,0.7009293462734553,-1.36,0.56
2016-07-13,0.013476772627251275,0.66,-0.06
2016-07-14,0.5259203949780417,-0.6,0.58
2016-07-15,-0.09289474292316421,-0.06,-0.12
2016-07-18,0.23822952916738127,-0.55,0.26
2016-07-19,-0.14351739837110475,0.4,-0.05
2016-07-20,0.4270300527854589,-1.05,0.44
2016-07-21,-0.36125290737081606,-0.12,-0.47
2016-07-22,0.4553964517894301,0.09,0.37
2016-07-25,-0.30114752038671483,-0.3,-0.08
2016-07-26,0.03227846263076587,-0.38,0.0
2016-07-27,-0.11985423438815265,-0.41,0.13
2016-07-28,0.16062092674702202,0.24,0.27
2016-07-29,0.16313092282023237,0.34,0.04
2016-08-01,-0.1269787392142437,-0.08,0.22
2016-08-02,-0.6361619668044342,0.65,-0.91
2016-08-03,0.3133943389343499,-1.58,0.21
2016-08-04,0.021257191858254098,0.42,0.16
2016-08-05,0.8603496361326275,-1.42,0.8
2016-08-08,-0.09071652887538072,-0.18,-0.1
2016-08-09,0.038979363549189745,0.31,0.02
2016-08-10,-0.28646859977113953,0.69,-0.06
2016-08-11,0.4734588091577449,-0.49,0.54
2016-08-12,-0.07960462665462968,-0.13,-0.06
2016-08-15,0.27929089824626846,-0.96,0.41
2016-08-16,-0.5479077020728967,-0.26,-0.57
2016-08-17,0.18685899424381655,0.38,0.11
2016-08-18,0.2199617391366979,0.05,0.14
2016-08-19,-0.14402716807318205,-0.39,-0.02
2016-08-22,-0.05633228782352362,0.17,0.06
2016-08-23,0.19517690543742305,-0.51,0.22
2016-08-24,-0.52402768821378,0.04,-0.51
2016-08-25,-0.1365227301395816,0.47,-0.17
2016-08-26,-0.1578816759626459,-0.3,-0.24
2016-08-29,0.5228047337119548,0.09,0.33
2016-08-30,-0.19536806559314682,-0.74,-0.33
2016-08-31,-0.23758642547397282,0.07,-0.12
2016-09-01,-0.004138464820835689,0.6,0.21
2016-09-02,0.4201041315648488,0.27,0.42
2016-09-06,0.2981678758352634,0.4,0.25
2016-09-07,-0.014638505859998407,-0.54,0.0
2016-09-08,-0.2223013501127694,-0.31,-0.63
2016-09-09,-2.452206885729549,-0.47,-2.54
2016-09-12,1.467705252539182,0.0,1.54
2016-09-13,-1.4830674013266896,-0.35,-1.11
2016-09-14,-0.05876766500768526,0.28,0.27
2016-09-15,1.0109273250546658,0.05,1.18
2016-09-16,-0.3772294907126729,0.06,-0.25
2016-09-19,-0.001860309730770861,0.06,-0.17
2016-09-20,0.029913841439488192,0.1,0.15
2016-09-21,1.0917162154086815,0.68,0.9
2016-09-22,0.6499784681166466,-0.28,0.68
2016-09-23,-0.5736774814255415,-0.23,-0.52
2016-09-26,-0.8587762454059558,0.31,-0.8
2016-09-27,0.6444170061260637,0.18,0.75
2016-09-28,0.5296553758763496,-0.25,0.23
2016-09-29,-0.9321411325290326,0.12,-0.8
2016-09-30,0.7967969361336945,-0.32,0.89
2016-10-03,-0.3260695824222057,-0.15,-0.23
2016-10-04,-0.49555623000289534,-0.83,-0.52
2016-10-05,0.42966905416751244,-0.62,0.32
2016-10-06,0.04815601994837626,0.25,-0.03
2016-10-07,-0.325348368171079,0.13,-0.56
2016-10-10,0.46059050981358446,-0.1,0.37
2016-10-11,-1.2446471763257407,-0.13,-1.09
2016-10-12,0.11465894253984957,0.49,0.22
2016-10-13,-0.3099263835091018,0.41,-0.11
2016-10-14,0.0201604178153628,-0.1,0.01
2016-10-17,-0.30379938212078617,0.36,-0.31
2016-10-18,0.6160403479896491,-0.1,0.35
2016-10-19,0.2191970828746938,-0.21,0.01
2016-10-20,-0.1375723874264593,-0.45,-0.35
2016-10-21,-0.008414170220300228,-0.18,-0.08
2016-10-24,0.47498395346381217,0.15,0.71
2016-10-25,-0.37977277794560177,0.34,-0.47
2016-10-26,-0.17404114266579604,-0.55,-0.31
2016-10-27,-0.2986726933387613,-0.31,-0.3
2016-10-28,-0.3108299365589125,0.35,-0.58
2016-10-31,-0.012227651805639516,0.52,-0.03
2016-11-01,-0.6786883176217423,-0.03,-0.77
2016-11-02,-0.6525500629458174,0.04,-0.36
2016-11-03,-0.44234006982948293,0.71,-0.56
2016-11-04,-0.16661305078948,-0.39,-0.24
2016-11-07,2.2223544015960695,-0.43,2.13
2016-11-08,0.3771974424148256,0.6,0.52
2016-11-09,1.1077020670818223,-1.83,1.01
2016-11-10,0.1950745624886813,-2.51,-0.1
2016-11-11,-0.139795016699532,-0.83,0.12
2016-11-14,-0.011550278623190026,-1.23,-0.25
2016-11-15,0.7480797692708188,1.09,0.59
2016-11-16,-0.15822638011099693,0.46,0.27
2016-11-17,0.46763697097329804,-0.42,0.5
2016-11-18,-0.23867984933359193,0.14,-0.15
2016-11-21,0.7461400949272281,0.57,0.84
2016-11-22,0.21654319242507222,0.13,0.59
2016-11-23,0.0808024752228094,-0.37,0.11
2016-11-25,0.39143869124048053,-0.13,0.43
2016-11-28,-0.5254535651865005,0.51,-0.46
2016-11-29,0.13352928795321764,0.08,0.16
2016-11-30,-0.26534038053485354,0.45,-0.9
2016-12-01,-0.3515529214704194,-0.4,-0.47
2016-12-02,0.03970064849451376,0.58,0.05
2016-12-05,0.5821305360635018,-0.21,0.35
2016-12-06,0.34108881136406527,-0.47,0.35
2016-12-07,1.3163241734930209,0.11,1.48
2016-12-08,0.2159342712376298,-0.36,0.07
2016-12-09,0.5938984836723531,-0.82,0.54
2016-12-12,-0.11374347616603382,0.17,-0.24
2016-12-13,0.6539774854251376,-0.08,0.71
2016-12-14,-0.8117172114256144,-0.25,-0.74
2016-12-15,0.38832279554189403,0.05,0.29
2016-12-16,-0.17506226483432866,-0.65,-0.2
2016-12-19,0.19751207295131734,0.03,0.3
2016-12-20,0.36375123841505275,0.31,0.45
2016-12-21,-0.24573614012164843,0.24,-0.26
2016-12-22,-0.18629738593322426,0.17,-0.37
2016-12-23,0.12517152222139497,-0.35,0.07
2016-12-27,0.22483728227057678,0.14,0.27
2016-12-28,-0.8356529202828483,0.08,-0.69
2016-12-29,-0.02933046610003201,0.02,0.0
2016-12-30,-0.46370503870737506,-0.21,-0.65
2017-01-03,0.8486575281753027,-0.23,0.7
2017-01-04,0.572227384420558,-0.08,0.73
2017-01-05,-0.07706704833204889,-0.31,-0.08
2017-01-06,0.35169590127809913,-0.37,0.36
2017-01-09,-0.3548594221719928,-0.48,-0.13
2017-01-10,0.0,0.61,0.16
2017-01-11,0.2829638272865455,0.71,0.14
2017-01-12,-0.2144809017699879,-0.57,-0.06
2017-01-13,0.18498406076093335,0.22,0.16
2017-01-17,-0.29675026894465883,-1.1,-0.02
2017-01-18,0.17637540571728277,0.34,0.1
2017-01-19,-0.3609308719258403,0.35,-0.22
2017-01-20,0.3366237514239067,0.2,0.43
2017-01-23,-0.269012501212185,-0.05,-0.12
2017-01-24,0.6564593555388054,0.94,0.63
2017-01-25,0.8026090626264211,0.48,0.76
2017-01-26,-0.07353841696334511,0.47,-0.09
2017-01-27,-0.08664642261523092,-0.13,-0.09
2017-01-30,-0.6009543491523057,-0.65,-0.39
2017-01-31,-0.08899053387743623,-0.62,-0.33
2017-02-01,0.029836364737392058,0.48,0.34
2017-02-02,0.057030947864919836,-0.34,0.09
2017-02-03,0.726475800164582,0.49,0.45
2017-02-06,-0.21153568633501788,-0.23,-0.15
2017-02-07,0.022682895392798413,-0.23,0.3
2017-02-08,0.06933224946015534,-0.58,0.22
2017-02-09,0.5752546313282066,0.24,0.53
2017-02-10,0.35660503333253635,-0.17,0.32
2017-02-13,0.5245844948796384,0.34,0.51
2017-02-14,0.4007335122946401,0.0,0.41
2017-02-15,0.499230897363938,-0.31,0.57
2017-02-16,-0.0864117909971273,-0.06,-0.09
2017-02-17,0.16785563554665622,-0.45,0.41
2017-02-21,0.6048066287377024,0.08,0.55
2017-02-22,-0.10822003765217686,-0.08,-0.06
2017-02-23,0.041898704577953416,-0.59,-0.24
2017-02-24,0.1493364065593907,-0.52,0.38
2017-02-27,0.10179830148679832,0.05,0.07
2017-02-28,-0.2578376200021087,0.05,-0.36
2017-03-01,1.3673854505382557,1.32,1.15
2017-03-02,-0.5859880477359939,-1.1,-0.41
2017-03-03,0.05038771408371255,0.6,0.08
2017-03-06,-0.3277240599115164,0.05,-0.37
2017-03-07,-0.29133737609452365,0.08,-0.26
2017-03-08,-0.228421554068841,-0.59,0.02
2017-03-09,0.07998954777434561,-0.16,-0.11
2017-03-10,0.3268670420600311,-0.23,0.37
2017-03-13,0.036663279274638964,0.49,0.05
2017-03-14,-0.3379027372577587,-0.18,-0.3
2017-03-15,0.8374752968933101,0.08,0.81
2017-03-16,-0.16267102889132648,-0.11,-0.12
2017-03-17,-0.1314314873633964,0.05,-0.07
2017-03-20,-0.20098934090192425,0.06,-0.04
2017-03-21,-1.2407972866659898,-1.62,-1.14
2017-03-22,0.18898861623204585,0.19,0.31
2017-03-23,-0.10602695616058434,0.23,-0.12
2017-03-24,-0.08439960753447626,-0.05,-0.11
2017-03-27,-0.10195872065426707,-0.41,0.0
2017-03-28,0.7251474152977397,0.49,0.75
2017-03-29,0.10853249749625911,-0.45,0.15
2017-03-30,0.29351100292691107,0.77,0.18
2017-03-31,-0.22550475355151978,-0.15,-0.1
2017-04-03,-0.1642125621157694,0.05,-0.27
2017-04-04,0.055952245627604126,0.34,0.14
2017-04-05,-0.3054861225013477,-0.33,-0.34
2017-04-06,0.19295093795218507,-0.01,0.18
2017-04-07,-0.08271301291930641,-0.04,0.04
2017-04-10,0.06876864639022584,-0.75,0.13
2017-04-11,-0.14338793828935875,0.04,-0.12
2017-04-12,-0.3759950756214019,-0.5,-0.38
2017-04-13,-0.6814694452883103,-0.11,-0.62
2017-04-17,0.861334911528973,0.47,0.86
2017-04-18,-0.29033801350211685,0.01,-0.13
2017-04-19,-0.17163505528008957,0.36,-0.09
2017-04-20,0.7557263410901015,0.53,0.88
2017-04-21,-0.3035073151365711,0.06,-0.16
2017-04-24,1.0840068991465068,1.14,0.97
2017-04-25,0.6090687444722208,0.39,0.51
2017-04-26,-0.04857033789650273,-0.23,-0.06
2017-04-27,0.055292007250118715,0.04,0.23
2017-04-28,-0.19131473359665974,-0.29,-0.41
2017-05-01,0.17322905313657153,0.88,0.13
2017-05-02,0.11890500505600905,-0.53,0.35
2017-05-03,-0.1271360505178031,0.01,-0.23
2017-05-04,0.058210276161948724,-0.04,0.15
2017-05-05,0.408869518490163,-0.26,0.53
2017-05-08,0.0037446077189182162,-0.02,0.08
2017-05-09,-0.10252486558834613,-0.01,0.22
2017-05-10,0.11306013918639232,0.08,-0.06
2017-05-11,-0.21628093718815883,0.05,-0.25
2017-05-12,-0.14784413421209208,0.31,0.02
2017-05-15,0.47765136426024585,0.09,0.34
2017-05-16,-0.06868968136180718,0.79,-0.06
2017-05-17,-1.8178214589219162,-1.3,-1.76
2017-05-18,0.3686818535649625,0.53,0.56
2017-05-19,0.6767499617984196,-0.21,0.65
2017-05-22,0.5160131544382652,0.27,0.6
2017-05-23,0.1837871848707477,0.54,0.02
2017-05-24,0.24891266726227548,0.09,0.39
2017-05-25,0.44419480513928294,0.76,0.7
2017-05-26,0.03105499960177553,0.12,0.07
2017-05-30,-0.12046244828196846,0.05,0.01
2017-05-31,-0.045996868531249666,-0.12,0.19
2017-06-01,0.7571112707942385,-0.18,0.69
2017-06-02,0.370773099480834,0.6,0.66
2017-06-05,-0.1217664895717995,-0.02,-0.2
2017-06-06,-0.27790401574869655,-0.18,-0.44
2017-06-07,0.156825745274458,1.32,0.21
2017-06-08,0.026720452936979968,1.05,-0.1
2017-06-09,-0.08299890161560676,-1.53,-0.58
2017-06-12,-0.09787631973519857,-1.12,-0.26
2017-06-13,0.4511505144390531,0.35,0.55
2017-06-14,-0.09958308859009651,-0.03,-0.11
2017-06-15,-0.22395981716744925,0.18,-0.25
2017-06-16,0.028363920108121762,-0.11,-0.3
2017-06-19,0.8347228826019084,0.81,0.99
2017-06-20,-0.6696637508322479,-0.01,-0.72
2017-06-21,-0.0582644441432134,0.42,0.09
2017-06-22,-0.04557818990853658,-0.48,-0.08
2017-06-23,0.15609155884164896,-0.15,0.08
2017-06-26,0.031580157672385284,-0.56,0.1
2017-06-27,-0.8072824663108605,-0.41,-0.86
2017-06-28,0.8808066128737206,0.75,1.05
2017-06-29,-0.8600023152223919,-0.45,-1.2
2017-06-30,0.15332318366443695,-0.23,0.29
2017-07-03,0.23108339915050613,-0.59,-0.01
2017-07-05,0.14532789018848108,1.35,0.19
2017-07-06,-0.9368823795134243,0.6,-0.84
2017-07-07,0.6403125635439364,0.89,0.69
2017-07-10,0.09277662124411806,0.26,0.0
2017-07-11,-0.07826808819295694,0.14,-0.07
2017-07-12,0.7305607759185565,0.2,0.73
2017-07-13,0.18745842627647427,-0.32,0.24
2017-07-14,0.46735033214997423,-0.28,0.56
2017-07-17,-0.005291285582373837,-0.12,0.12
2017-07-18,0.05978570004028404,0.22,-0.05
2017-07-19,0.5372639477661052,-0.39,0.4
2017-07-20,-0.015365930076621138,-0.02,-0.01
2017-07-21,-0.03678716036409813,0.17,0.08
2017-07-24,-0.10637348469647581,0.81,-0.07
2017-07-25,0.2923171798664182,-0.49,0.24
2017-07-26,0.0282663821871285,-0.25,0.32
2017-07-27,-0.09726881683288355,-0.85,-0.1
2017-07-28,-0.13411154893339963,0.04,-0.43
2017-07-31,-0.07281456772143798,0.09,-0.16
2017-08-01,0.24491150386565633,0.56,0.23
2017-08-02,0.04926484348822083,0.48,0.3
2017-08-03,-0.21836540850556949,0.21,-0.17
2017-08-04,0.1889103523332224,0.22,0.13
2017-08-07,0.16471997963197052,0.41,0.32
2017-08-08,-0.2414432693032037,0.42,-0.11
2017-08-09,-0.036360853213904955,-0.39,0.02
2017-08-10,-1.4474441884265719,-0.76,-1.48
2017-08-11,0.12755698031536222,0.1,0.44
2017-08-14,1.0043754738020665,1.0,1.06
2017-08-15,-0.04988080962693606,0.45,-0.07
2017-08-16,0.14201029160999054,-0.03,0.29
2017-08-17,-1.5436951897705593,-0.5,-1.56
2017-08-18,-0.18353673366143958,0.2,-0.33
2017-08-21,0.11626509216592325,0.0,0.17
2017-08-22,0.9940779962249704,0.66,1.03
2017-08-23,-0.34535928356924367,-0.17,-0.5
2017-08-24,-0.20744619233302145,-0.03,-0.33
2017-08-25,0.16728693048758972,-0.52,0.27
2017-08-28,0.04870718880635138,0.25,0.14
2017-08-29,0.08428219030979484,0.09,0.24
2017-08-30,0.4615148908088821,0.56,0.54
2017-08-31,0.5720976036098087,-0.13,0.61
2017-09-01,0.19825408914242879,-0.14,0.17
2017-09-05,-0.755080681997558,-0.9,-0.57
2017-09-06,0.312872660796423,-0.59,0.3
2017-09-07,-0.01784359584679573,-0.19,0.19
2017-09-08,-0.14888506973723228,0.32,-0.25
2017-09-11,1.08392989997978,0.45,0.92
2017-09-12,0.33639479926762333,-0.36,0.33
2017-09-13,0.07571208321888176,-0.35,0.05
2017-09-14,-0.11007176163722902,-0.19,-0.26
2017-09-15,0.18471813753213454,-0.02,0.35
2017-09-18,0.14559208669277388,0.54,-0.07
2017-09-19,0.111019536561677,0.42,0.15
2017-09-20,0.0634347859559976,-0.26,0.01
2017-09-21,-0.3045917468208513,-0.02,-0.43
2017-09-22,0.06477937041175377,-0.48,0.16
2017-09-25,-0.22220504449806064,-1.37,-0.21
2017-09-26,0.00721668174082681,-0.15,0.15
2017-09-27,0.4085143878064832,0.82,0.29
2017-09-28,0.12046157831625803,0.4,0.05
2017-09-29,0.3705109750921725,0.33,0.28
2017-10-02,0.38740035506962245,0.09,0.29
2017-10-03,0.21588381521697275,0.21,0.31
2017-10-04,0.12467201282878847,0.22,0.14
2017-10-05,0.56467873211865,0.14,0.43
2017-10-06,-0.1073634315278539,0.56,-0.14
2017-10-09,-0.18044340510071402,0.35,-0.08
2017-10-10,0.2322412612123177,0.02,0.33
2017-10-11,0.18035070386158997,0.33,0.16
2017-10-12,-0.1686752718675175,0.37,-0.19
2017-10-13,0.08781072235268414,-0.16,0.17
2017-10-16,0.17507534306602202,0.36,0.2
2017-10-17,0.06725786553095267,-0.04,0.14
2017-10-18,0.07423351621382425,0.29,0.14
2017-10-19,0.03279979372339958,-0.23,-0.1
2017-10-20,0.5116842628527206,0.36,0.35
2017-10-23,-0.39724842459165804,0.2,-0.27
2017-10-24,0.1617908534319063,0.59,0.14
2017-10-25,-0.4663049960716797,0.0,-0.49
2017-10-26,0.12709462192490584,0.36,0.08
2017-10-27,0.807302249303081,1.06,1.44
2017-10-30,-0.3192470480425576,0.31,-0.31
2017-10-31,0.0944458796862685,0.36,0.1
2017-11-01,0.1592109916699248,-0.51,-0.02
2017-11-02,0.01899661077451556,0.65,-0.03
2017-11-03,0.30970752937134544,0.47,0.53
2017-11-06,0.12712512706077553,-0.28,-0.11
2017-11-07,-0.01891028324030871,0.32,0.16
2017-11-08,0.14436549093932985,-0.09,0.38
2017-11-09,-0.37618877882731483,-0.58,-0.3
2017-11-10,-0.08976437135734197,-0.07,0.11
2017-11-13,0.09836343383037975,0.42,0.12
2017-11-14,-0.23096094136402656,0.44,-0.12
2017-11-15,-0.5525675723668094,-0.2,-0.66
2017-11-16,0.8196058301448486,0.4,1.24
2017-11-17,-0.2625963119760753,-0.8,-0.24
2017-11-20,0.1275682910980947,0.42,0.24
2017-11-21,0.6541139016436699,0.68,0.71
2017-11-22,-0.07502610505621271,-0.6,0.12
2017-11-24,0.20560952452849568,0.52,0.25
2017-11-27,-0.038425774086123826,0.15,0.1
2017-11-28,0.984851264624087,-0.76,0.86
2017-11-29,-0.03692258152141498,-2.67,0.18
2017-11-30,0.819095052417313,0.6,1.01
2017-12-01,-0.2024530643865938,-0.77,-0.25
2017-12-04,-0.10521569099138026,-2.27,0.17
2017-12-05,-0.3739381543290853,0.72,-0.3
2017-12-06,-0.011410534507196889,0.8,-0.07
2017-12-07,0.29323576282972025,0.84,0.2
2017-12-08,0.5506306498390606,0.01,0.61
2017-12-11,0.3201957382613628,-0.15,0.47
2017-12-12,0.1548921994251541,-0.58,0.17
2017-12-13,-0.047295680335785836,0.64,0.2
2017-12-14,-0.40708592677228217,0.15,-0.41
2017-12-15,0.8974343577232556,0.25,0.92
2017-12-18,0.5362807031737885,-0.05,0.6
2017-12-19,-0.3230269308986748,-0.12,-0.18
2017-12-20,-0.0827893291369619,-0.2,0.04
2017-12-21,0.19856556872258996,-0.83,0.0
2017-12-22,-0.04581664731576188,0.04,-0.02
2017-12-26,-0.10584152238849284,-0.3,-0.07
2017-12-27,0.07909408692409592,0.54,0.09
2017-12-28,0.18339987718803746,-0.07,0.16
2017-12-29,-0.5183153291804785,-0.21,-0.54
2018-01-02,0.8303361788570595,-0.4,0.74
2018-01-03,0.6398818767817351,0.4,0.36
2018-01-04,0.4028635843774413,-0.16,0.49
2018-01-05,0.7033767403822243,0.62,0.84
2018-01-08,0.16623440799480996,0.23,0.08
2018-01-09,0.1302931550569124,0.52,0.26
2018-01-10,-0.11122269759360366,-0.1,-0.24
2018-01-11,0.7033646798365777,-0.33,0.82
2018-01-12,0.6749602755413997,0.01,0.96
2018-01-16,-0.3524487493986472,-0.09,-0.41
2018-01-17,0.9415051661626807,0.93,1.03
2018-01-18,-0.16163899808150006,0.41,-0.03
2018-01-19,0.4385235280832624,0.55,0.44
2018-01-22,0.8066726543333609,-0.12,0.7
2018-01-23,0.21743654408822613,0.21,0.15
2018-01-24,-0.055997579030083074,-0.41,-0.17
2018-01-25,0.06026209239333385,0.59,0.06
2018-01-26,1.1841196442722688,0.68,1.35
2018-01-29,-0.6731974371398418,-0.02,-0.59
2018-01-30,-1.0898815391439503,0.12,-0.86
2018-01-31,0.0488985389629117,0.37,0.1
2018-02-01,-0.06480885618234287,-0.33,-0.41
2018-02-02,-2.120854769494164,-0.25,-1.86
2018-02-05,-4.0979225016407215,-0.26,-3.78
2018-02-06,1.7440920907613715,1.16,2.01
2018-02-07,-0.5001588613270529,0.05,-0.27
2018-02-08,-3.7536419718832743,-1.39,-3.67
2018-02-09,1.4936090275087153,0.55,1.25
2018-02-12,1.3914584687517095,0.34,1.52
2018-02-13,0.2612929593373528,0.56,0.56
2018-02-14,1.3402458482258168,0.56,1.24
2018-02-15,1.2069112628291625,0.31,1.36
2018-02-16,0.03734695439000948,-0.33,0.02
2018-02-20,-0.5841389481593838,0.51,-0.84
2018-02-21,-0.5496503260010078,0.51,-0.53
2018-02-22,0.09735511485316765,0.25,0.24
2018-02-23,1.6028376390592538,-0.1,1.36
2018-02-26,1.1757015405636875,0.18,1.21
2018-02-27,-1.270688867273161,0.23,-1.29
2018-02-28,-1.1095788577777117,0.43,-0.96
2018-03-01,-1.3324399450480229,-0.66,-1.2
2018-03-02,0.5071602697712926,0.03,0.45
2018-03-05,1.103202638179288,-0.4,0.9
2018-03-06,0.2638858686958538,0.22,0.24
2018-03-07,-0.04838745888696684,0.71,-0.22
2018-03-08,0.44630782533772956,-0.12,0.57
2018-03-09,1.7378831277445943,0.57,1.55
2018-03-12,-0.12739848320225552,-0.5,-0.14
2018-03-13,-0.6363576572474683,-0.14,-0.49
2018-03-14,-0.5724522264141463,0.3,-0.67
2018-03-15,-0.07819304070728716,0.19,-0.1
2018-03-16,0.17034472986976879,-0.43,0.14
2018-03-19,-1.4204195427326924,0.2,-1.23
2018-03-20,0.14818052561744752,1.26,0.33
2018-03-21,-0.1843989601829804,-0.56,-0.51
2018-03-22,-2.516288868483934,-0.99,-2.57
2018-03-23,-2.0966880472765745,-0.52,-1.89
2018-03-26,2.715725573490585,1.47,2.89
2018-03-27,-1.727630894790785,-1.97,-1.75
2018-03-28,-0.29166570946986203,-1.04,-0.24
2018-03-29,1.3769718618042377,0.65,1.21
2018-04-02,-2.2337423419752667,-0.58,-2.24
2018-04-03,1.2614865708685044,-0.01,1.23
2018-04-04,1.1566482650942906,0.31,1.43
2018-04-05,0.6862863853574067,-0.3,0.71
2018-04-06,-2.1920248708528507,-0.71,-2.23
2018-04-09,0.3336548739958611,0.71,0.15
2018-04-10,1.6726953754064904,0.58,1.58
2018-04-11,-0.552536456564779,-0.4,-0.67
2018-04-12,0.8250750130306375,1.14,0.8
2018-04-13,-0.28866253360058947,-0.74,-0.33
2018-04-16,0.8109038362631141,-0.01,0.98
2018-04-17,1.0661504817983032,1.1,1.23
2018-04-18,0.08313658005520788,0.16,0.16
2018-04-19,-0.572612477578998,0.2,-0.76
2018-04-20,-0.853653221299152,-0.02,-1.19
2018-04-23,0.005623151071356609,-0.39,0.1
2018-04-24,-1.338056146641682,-0.94,-1.43
2018-04-25,0.18370592780630177,-0.57,0.29
2018-04-26,1.0434204752046694,0.64,0.92
2018-04-27,0.11136250030761329,0.19,0.38
2018-04-30,-0.8187490859429467,0.26,-0.88
2018-05-01,0.2549045476896876,0.37,0.31
2018-05-02,-0.7205863585547909,0.26,-0.52
2018-05-03,-0.2253674464476426,0.75,-0.09
2018-05-04,1.2811179191865156,-0.29,1.37
2018-05-07,0.3457945524821214,0.56,0.19
2018-05-08,-0.02656413461944242,0.38,-0.11
2018-05-09,0.9682220184441567,0.45,0.52
2018-05-10,0.93706436136782,-0.04,0.89
2018-05-11,0.17075957958787255,0.11,0.29
2018-05-14,0.08834895171134934,-0.19,0.11
2018-05-15,-0.6842140411090308,0.01,-0.64
2018-05-16,0.4060561765464048,0.1,0.68
2018-05-17,-0.08558722748468044,0.21,-0.09
2018-05-18,-0.2632194898025619,0.4,-0.01
2018-05-21,0.7386752973389243,0.2,0.82
2018-05-22,-0.3135762023791444,-0.33,-0.46
2018-05-23,0.3248410018813437,0.31,0.42
2018-05-24,-0.20232133879298175,0.12,0.02
2018-05-25,-0.23572205679487207,-0.57,-0.05
2018-05-29,-1.1564187400276105,0.12,-0.73
2018-05-30,1.2695791469277327,0.21,1.03
2018-05-31,-0.6879559888254608,0.29,-0.75
2018-06-01,1.0849230126019163,0.58,1.04
2018-06-04,0.4479598436304489,0.29,0.82
2018-06-05,0.07025931033489607,0.52,0.33
2018-06-06,0.8567392527720356,-0.07,0.82
2018-06-07,-0.07141886594437964,-0.82,-0.13
2018-06-08,0.31259043500575057,-0.15,0.28
2018-06-11,0.10687077753775459,-0.51,0.16
2018-06-12,0.17433853342918365,0.21,0.28
2018-06-13,-0.4026127924158008,0.17,-0.58
2018-06-14,0.2471549626272858,-0.01,0.34
2018-06-15,-0.10171026706909943,-0.64,0.03
2018-06-18,-0.21261277232105064,0.69,-0.36
2018-06-19,-0.40234022532672653,-0.59,-0.55
2018-06-20,0.17121541196234352,0.57,0.16
2018-06-21,-0.6345510301846308,-0.4,-0.59
2018-06-22,0.18619344893300865,-0.7,0.0
2018-06-25,-1.3724669170993262,-1.29,-1.27
2018-06-26,0.2204577302052822,0.52,0.18
2018-06-27,-0.8604355207870318,-0.44,-0.91
2018-06-28,0.6178689940068464,0.54,0.74
2018-06-29,0.07584031112997772,-0.19,0.15
2018-07-02,0.3067957504331125,0.57,0.31
2018-07-03,-0.49473505407420315,-0.59,-0.53
2018-07-05,0.8620803418080099,-0.19,0.91
2018-07-06,0.8481281619413394,0.06,0.92
2018-07-09,0.8822986064321948,0.38,0.95
2018-07-10,0.3473267175105946,-0.19,0.5
2018-07-11,-0.7094202737347218,0.12,-0.76
2018-07-12,0.8749042481676123,0.61,1.19
2018-07-13,0.10792376622543276,0.18,0.35
2018-07-16,-0.1028135743398586,0.13,-0.27
2018-07-17,0.397369856319845,0.54,0.6
2018-07-18,0.21605124999146963,0.17,0.04
2018-07-19,-0.3952993137390755,-0.2,-0.28
2018-07-20,-0.09484476712288342,0.2,0.01
2018-07-23,0.18380493665326805,0.49,-0.06
2018-07-24,0.478091119125119,-0.58,0.3
2018-07-25,0.9101605053168762,0.8,1.06
2018-07-26,-0.30322960411387534,-0.73,-0.22
2018-07-27,-0.6562208676543084,-1.3,-0.81
2018-07-30,-0.5754170045876126,-1.45,-0.86
2018-07-31,0.48847286524287026,0.02,0.68
2018-08-01,-0.10403516539228182,0.7,0.15
2018-08-02,0.49264450595979165,0.86,0.85
2018-08-03,0.46441830259694006,-0.99,0.39
2018-08-06,0.3538227209060136,0.51,0.36
2018-08-07,0.28241823171378794,0.34,0.27
2018-08-08,-0.02623799656655244,0.32,0.04
2018-08-09,-0.14416744482073507,0.09,0.0
2018-08-10,-0.7113887974094535,0.65,-0.62
2018-08-13,-0.40059919541401623,-0.12,-0.2
2018-08-14,0.6389254671260212,0.34,0.7
2018-08-15,-0.7602164923620073,-0.81,-0.69
2018-08-16,0.7919408407494017,-0.25,0.99
2018-08-17,0.3323115931714956,-0.34,0.43
2018-08-20,0.2428017769041558,0.13,0.14
2018-08-21,0.20685363919573665,0.22,0.22
2018-08-22,-0.03981519181294722,0.86,-0.02
2018-08-23,-0.1691262163586143,0.67,-0.03
2018-08-24,0.6198839727256339,0.25,0.52
2018-08-27,0.7670409488520189,-0.06,0.76
2018-08-28,0.026927856925118673,0.21,0.11
2018-08-29,0.5701433945571167,0.42,0.83
2018-08-30,-0.44303289684484565,0.32,-0.26
2018-08-31,0.013447760553101807,0.63,0.29
2018-09-04,-0.1654322205917416,0.84,-0.05
2018-09-05,-0.28031266678487293,-1.32,-0.42
2018-09-06,-0.36523051450785987,-0.09,-0.29
2018-09-07,-0.22133447617470312,-0.23,-0.31
2018-09-10,0.18978267526506504,0.09,0.25
2018-09-11,0.3739841591294758,0.58,0.58
2018-09-12,0.03566718393581127,-0.73,0.06
2018-09-13,0.5282254410650281,0.22,0.63
2018-09-14,0.0275481553737305,-0.13,-0.1
2018-09-17,-0.556972203298975,-1.32,-0.76
2018-09-18,0.5369014724770924,0.36,0.63
2018-09-19,0.1253272524646841,-1.27,-0.23
2018-09-20,0.7840591957973468,-0.15,0.83
2018-09-21,-0.0368532969376425,-0.3,-0.01
2018-09-24,-0.3515687867310415,1.29,-0.43
2018-09-25,-0.130509591018071,1.08,-0.03
2018-09-26,-0.3289278151001013,0.25,-0.17
2018-09-27,0.27632869851152403,0.22,0.48
2018-09-28,-0.0006870281400113698,0.15,0.17
2018-10-01,0.3641105317408479,-0.23,0.34
2018-10-02,-0.039669012240730654,-1.06,-0.13
2018-10-03,0.0711519704040561,0.26,-0.02
2018-10-04,-0.8169482558017293,-0.96,-1.22
2018-10-05,-0.5527978745767437,-0.06,-0.81
2018-10-08,-0.039511638017170614,-1.14,-0.18
2018-10-09,-0.1417903744038697,0.53,-0.08
2018-10-10,-3.2864228913235163,-1.56,-3.6
2018-10-11,-2.057300781100634,0.24,-1.75
2018-10-12,1.420619796357314,1.95,1.92
2018-10-15,-0.5904979054429023,-0.86,-0.65
2018-10-16,2.149560023181401,1.05,2.31
2018-10-17,-0.025266236039021936,-0.16,-0.27
2018-10-18,-1.4391922484002613,-0.08,-1.64
2018-10-19,-0.03611698977622176,-0.86,-0.15
2018-10-22,-0.42995273740377166,1.31,0.08
2018-10-23,-0.5511830212086033,-0.38,-0.6
2018-10-24,-3.086443370866526,-0.97,-3.3
2018-10-25,1.8625039785680586,1.16,2.22
2018-10-26,-1.7327264059605167,-0.6,-1.82
2018-10-29,-0.6559599421901935,-1.01,-1.14
2018-10-30,1.566678012304765,0.13,1.58
2018-10-31,1.0851331816018703,1.18,1.18
2018-11-01,1.0557843711262436,-0.63,1.51
2018-11-02,-0.6316686163163441,-0.33,-0.86
2018-11-05,0.5600317168766493,-0.37,0.21
2018-11-06,0.6259295562117404,-0.06,0.59
2018-11-07,2.1208856280910173,1.76,2.5
2018-11-08,-0.25089165775684713,-0.03,-0.14
2018-11-09,-0.919901357847712,0.01,-1.02
2018-11-12,-1.970148931610641,-0.7,-2.17
2018-11-13,-0.14819196700837237,-0.76,-0.12
2018-11-14,-0.7567410867240223,-0.72,-0.78
2018-11-15,1.059375334940566,0.76,1.02
2018-11-16,0.22233056585385147,-0.15,-0.05
2018-11-19,-1.664310892826281,-1.75,-2.24
2018-11-20,-1.8151240504630657,-0.31,-2.11
2018-11-21,0.3043290722033123,-0.05,0.34
2018-11-23,-0.6554842371583166,0.14,-0.52
2018-11-26,1.5532368144919935,0.2,1.64
2018-11-27,0.3261692255259274,0.68,0.35
2018-11-28,2.2973979573244927,1.06,2.79
2018-11-29,-0.21831080056632693,0.19,-0.46
2018-11-30,0.8170747534382887,-0.06,1.06
2018-12-03,1.0941426018481317,0.41,1.31
2018-12-04,-3.236490293878834,0.47,-3.54
2018-12-06,-0.1522228361661734,0.88,0.1
2018-12-07,-2.3320118749489387,-0.97,-2.79
2018-12-10,0.17621541550397274,1.29,0.48
2018-12-11,-0.0356346393981931,0.72,0.07
2018-12-12,0.5419503653256764,0.07,0.59
2018-12-13,-0.01999302117276265,0.37,-0.08
2018-12-14,-1.908670959714558,-0.46,-2.34
2018-12-17,-2.0773480650743483,-1.09,-2.15
2018-12-18,0.00864007027257627,0.33,0.5
2018-12-19,-1.5395714469955906,0.67,-1.78
2018-12-20,-1.5772106302099804,-0.61,-1.65
2018-12-21,-2.05882284353217,-0.05,-2.29
2018-12-24,-2.7112254234371456,-0.34,-2.57
2018-12-26,4.959374256297623,0.55,5.22
2018-12-27,0.8562680803813779,0.04,0.77
2018-12-28,-0.12415825521054007,-0.05,-0.07
2018-12-31,0.8492484364786622,0.51,1.05
2019-01-02,0.1268496669400822,-1.94,0.17
2019-01-03,-2.4756730111614127,-0.85,-2.96
2019-01-04,3.433571429840454,-0.4,3.61
2019-01-07,0.7010434849805152,-0.24,0.96
2019-01-08,0.969528514133946,0.3,1.15
2019-01-09,0.4098045517469226,-0.75,0.46
2019-01-10,0.45184189218472803,-0.14,0.4
2019-01-11,-0.01462979140943451,-0.28,-0.13
2019-01-14,-0.5257525420190867,-0.63,-0.65
2019-01-15,1.0721688854600295,1.01,1.02
2019-01-16,0.22219855538147543,-0.56,0.03
2019-01-17,0.7591400273706245,-0.17,0.79
2019-01-18,1.318305304865744,-0.77,1.38
2019-01-22,-1.4157306316348408,0.98,-1.6
2019-01-23,0.2202912839790878,0.86,0.36
2019-01-24,0.1375725572217552,-0.9,0.17
2019-01-25,0.8488694197122184,-1.02,0.84
2019-01-28,-0.7846827452202751,-0.5,-1.01
2019-01-29,-0.14562467073728508,-0.4,-0.33
2019-01-30,1.5549260984848463,0.25,2.01
2019-01-31,0.8597396012281584,0.56,0.71
2019-02-01,0.08986098561208382,-0.45,-0.25
2019-02-04,0.6776236658558935,-0.04,0.98
2019-02-05,0.47084203830327603,0.11,0.74
2019-02-06,-0.22244380717381562,-0.31,-0.13
2019-02-07,-0.9357139928022689,0.68,-0.83
2019-02-08,0.0676201092687057,0.71,0.01
2019-02-11,0.07091030928126053,0.03,0.03
2019-02-12,1.2890224506745562,-0.38,1.34
2019-02-13,0.3023994731897068,-0.4,0.42
2019-02-14,-0.26516416178183083,0.23,-0.25
2019-02-15,1.0878752906358191,-0.64,0.93
2019-02-19,0.1498743281857341,-0.27,0.09
2019-02-20,0.17771106074729415,-0.5,0.18
2019-02-21,-0.3526436662044688,0.63,-0.17
2019-02-22,0.6411102372030292,0.22,0.85
2019-02-25,0.12318623740310147,-0.66,0.06
2019-02-26,-0.0790457069078453,0.15,0.01
2019-02-27,-0.05440491976510697,0.31,0.06
2019-02-28,-0.28255084661056395,0.73,-0.25
2019-03-01,0.6895320532288951,-0.16,0.66
2019-03-04,-0.3880558203279647,-0.57,-0.27
2019-03-05,-0.1131533091488267,0.35,-0.16
2019-03-06,-0.6524098592784656,0.46,-0.63
2019-03-07,-0.8125717367500838,0.65,-0.94
2019-03-08,-0.21316891099281812,0.24,-0.19
2019-03-11,1.46660420633484,-0.05,1.58
2019-03-12,0.29533183111009914,-0.07,0.15
2019-03-13,0.6949583689534174,-0.13,0.66
2019-03-14,-0.08680225932099582,0.39,-0.12
2019-03-15,0.49849029011059565,0.06,0.72
2019-03-18,0.3705946924023894,-0.45,0.57
2019-03-19,-0.013056153949721089,0.44,0.03
